{"count":1,"self":215.83831039999998,"total":635.1053303,"children":{"InitializeActuators":{"count":9,"self":0.0015034,"total":0.0015034,"children":null},"InitializeSensors":{"count":9,"self":0.0029958999999999997,"total":0.0029958999999999997,"children":null},"AgentSendState":{"count":136601,"self":15.420271999999999,"total":28.946347099999997,"children":{"CollectObservations":{"count":307359,"self":1.6670774,"total":1.6670774,"children":null},"WriteActionMask":{"count":307359,"self":0.42545249999999996,"total":0.42545249999999996,"children":null},"RequestDecision":{"count":307359,"self":3.0262119999999997,"total":11.4335448,"children":{"AgentInfo.ToProto":{"count":307359,"self":1.5065784,"total":8.4073327999999989,"children":{"GenerateSensorData":{"count":307359,"self":5.8341156,"total":6.9007543999999994,"children":{"RayPerceptionSensor.Perceive":{"count":307359,"self":1.0666389,"total":1.0666389,"children":null}}}}}}}}},"DecideAction":{"count":136601,"self":382.59041279999997,"total":382.5904147,"children":null},"AgentAct":{"count":136601,"self":7.7121384,"total":7.7172186,"children":{"AgentInfo.ToProto":{"count":122,"self":0.0015329999999999999,"total":0.0050799999999999994,"children":{"GenerateSensorData":{"count":122,"self":0.003547,"total":0.003547,"children":{"RayPerceptionSensor.Perceive":{"count":122,"self":0,"total":0,"children":null}}}}}}},"AgentInfo.ToProto":{"count":260,"self":0.0024939999999999997,"total":0.0075423999999999995,"children":{"GenerateSensorData":{"count":260,"self":0.0040503,"total":0.0050484,"children":{"RayPerceptionSensor.Perceive":{"count":260,"self":0.0009981,"total":0.0009981,"children":null}}}}}},"gauges":{"Penguin.CumulativeReward":{"count":382,"max":29.99911,"min":-1.30647968E-05,"runningAverage":7.30925131,"value":7.71147633,"weightedAverage":7.629365}},"metadata":{"timer_format_version":"0.1.0","start_time_seconds":"1684284089","unity_version":"2021.3.19f1","command_line_arguments":"C:\\Program Files\\Unity\\2021.3.19f1\\Editor\\Unity.exe -projectpath C:\\Users\\USER\\Documents\\GitHub\\GameProgramming\\Penguins -useHub -hubIPC -cloudEnvironment production -licensingIpc LicenseClient-USER -hubSessionId 5a1a14be-bc6b-477f-850f-c1984ea9a7a7","communication_protocol_version":"1.5.0","com.unity.ml-agents_version":"2.0.0-exp.1","scene_name":"SampleScene","end_time_seconds":"1684284724"}}