{"count":1,"self":16.8832736,"total":17.57008,"children":{"InitializeActuators":{"count":1,"self":0.0025141,"total":0.0025141,"children":null},"InitializeSensors":{"count":1,"self":0.0029971,"total":0.0029971,"children":null},"AgentSendState":{"count":619,"self":0.0742838,"total":0.086733499999999991,"children":{"CollectObservations":{"count":124,"self":0.00096709999999999993,"total":0.00096709999999999993,"children":null},"WriteActionMask":{"count":124,"self":0.00097359999999999992,"total":0.00097359999999999992,"children":null},"RequestDecision":{"count":124,"self":0.010509,"total":0.010509,"children":null}}},"DecideAction":{"count":619,"self":0.5772345,"total":0.5788089,"children":{"RayPerceptionSensor.Perceive":{"count":124,"self":0.0015743999999999999,"total":0.0015743999999999999,"children":null}}},"AgentAct":{"count":619,"self":0.014755899999999999,"total":0.014755899999999999,"children":null}},"gauges":{"DanmakuEvade.CumulativeReward":{"count":2,"max":-0.430000246,"min":-0.6700001,"runningAverage":-0.5500002,"value":-0.430000246,"weightedAverage":-0.610000134}},"metadata":{"timer_format_version":"0.1.0","start_time_seconds":"1687911816","unity_version":"2021.3.19f1","command_line_arguments":"C:\\Program Files\\Unity\\2021.3.19f1\\Editor\\Unity.exe -projectpath C:\\Users\\USER\\Documents\\GitHub\\GameProgramming\\DanmakuParadise -useHub -hubIPC -cloudEnvironment production -licensingIpc LicenseClient-USER -hubSessionId 71a2f652-b089-49a5-aae7-1e0332300375","communication_protocol_version":"1.5.0","com.unity.ml-agents_version":"2.0.0-exp.1","scene_name":"AIScene","end_time_seconds":"1687911833"}}