{"count":1,"self":135.372224,"total":535.6797164,"children":{"InitializeActuators":{"count":10,"self":0.0019946,"total":0.0019946,"children":null},"InitializeSensors":{"count":10,"self":0.0029839999999999997,"total":0.0029839999999999997,"children":null},"AgentSendState":{"count":150151,"self":14.8356528,"total":26.2528501,"children":{"CollectObservations":{"count":300310,"self":0.23325549999999998,"total":0.23325549999999998,"children":null},"WriteActionMask":{"count":300310,"self":0.3384144,"total":0.3384144,"children":null},"RequestDecision":{"count":300310,"self":2.4377486,"total":10.845527899999999,"children":{"AgentInfo.ToProto":{"count":300310,"self":1.4649602,"total":8.4077793,"children":{"GenerateSensorData":{"count":300310,"self":4.8181612,"total":6.9428190999999995,"children":{"RayPerceptionSensor.Perceive":{"count":300310,"self":2.1246578,"total":2.1246578,"children":null}}}}}}}}},"DecideAction":{"count":150151,"self":368.2621952,"total":368.2621974,"children":null},"AgentAct":{"count":150151,"self":5.7463904,"total":5.7679453,"children":{"AgentInfo.ToProto":{"count":601,"self":0.0019219999999999999,"total":0.0215548,"children":{"GenerateSensorData":{"count":601,"self":0.0161309,"total":0.0196328,"children":{"RayPerceptionSensor.Perceive":{"count":601,"self":0.0035018999999999996,"total":0.0035018999999999996,"children":null}}}}}}},"AgentInfo.ToProto":{"count":353,"self":0.0040108999999999995,"total":0.0185252,"children":{"GenerateSensorData":{"count":353,"self":0.0100101,"total":0.014514299999999999,"children":{"RayPerceptionSensor.Perceive":{"count":353,"self":0.0045042,"total":0.0045042,"children":null}}}}}},"gauges":{"MummyIL.CumulativeReward":{"count":954,"max":1,"min":-2.59999943,"runningAverage":-0.257546872,"value":0,"weightedAverage":-0.00334086525}},"metadata":{"timer_format_version":"0.1.0","start_time_seconds":"1685498369","unity_version":"2021.3.19f1","command_line_arguments":"C:\\Program Files\\Unity\\2021.3.19f1\\Editor\\Unity.exe -projectpath C:\\Users\\USER\\Documents\\GitHub\\GameProgramming\\Mummy -useHub -hubIPC -cloudEnvironment production -licensingIpc LicenseClient-USER -hubSessionId 881554b5-40ed-439a-9fc9-b3c6403f966f -accessToken 1yxWnt_hZuH9DF3ijZVgovh-nGPbEVAIc1LvbMvV8bU00df","communication_protocol_version":"1.5.0","com.unity.ml-agents_version":"2.0.0-exp.1","scene_name":"MummyIL","end_time_seconds":"1685498905"}}